convocatoria_numero,tipo_actividad,nombre_documento,tipo_documento,numero_anexo,subtipo_anexo,url_pdf,url_editable
978,Apertura,Resolución 0670 -2026,resolucion,,,https://minciencias.gov.co/sites/default/files/upload/convocatoria/resolucion_0670-2026.pdf,
978,Apertura,Términos de Referencia Convocatoria Fortalecimiento De Capacidades Nacionales Para La Soberanía Sanitaria De Colombia,terminos_referencia,,,https://minciencias.gov.co/sites/default/files/upload/convocatoria/tdr_fortalecimiento_de_capacidades_nacionales_para_la_soberania_sanitaria_de_colombia.pdf,
978,Apertura,Anexo 1. Contenido del Proyecto de I+D+i.,anexo,1,otro,https://minciencias.gov.co/sites/default/files/upload/convocatoria/anexo_1_contenidos_del_proyecto_de_idi.pdf,
978,Apertura,Anexo 2. Carta Aval y Compromiso Institucional.,anexo,2,aval_institucional,https://minciencias.gov.co/sites/default/files/upload/convocatoria/anexo_2_carta_aval_y_compromiso_institucional.pdf,https://minciencias.gov.co/sites/default/files/upload/convocatoria/anexo_2_carta_aval_y_compromiso_institucional_editable.docx
978,Apertura,Anexo 3. Descripción de los productos esperados.,anexo,3,otro,https://minciencias.gov.co/sites/default/files/upload/convocatoria/anexo_3_descripcion_de_los_productos_esperados_0.pdf,
978,Apertura,Anexo 4. Niveles de Madurez Tecnológica.,anexo,4,tecnico,https://minciencias.gov.co/sites/default/files/upload/convocatoria/anexo_4_niveles_de_madurez_tecnologica.pdf,
978,Apertura,Anexo 5. Experiencia e Idoneidad de la Alianza.,anexo,5,otro,https://minciencias.gov.co/sites/default/files/upload/convocatoria/anexo_5_experiencia_e_idoneidad_de_la_alianza.pdf,https://minciencias.gov.co/sites/default/files/upload/convocatoria/anexo_5_experiencia_e_idoneidad_de_la_alianza_editable.docx
978,Apertura,Anexo 6. Modelo de Aval de la Organización Social o Asociación u organización étnica.,anexo,6,aval_institucional,https://minciencias.gov.co/sites/default/files/upload/convocatoria/anexo_6_modelo_de_aval_de_la_organizacion_social_o_asociacion_u_organizacion_etnica.pdf,https://minciencias.gov.co/sites/default/files/upload/convocatoria/anexo_6_modelo_de_aval_de_la_organizacion_social_o_asociacion_u_organizacion_etnica_editable.docx
978,Apertura,Anexo 7. Plan de Actividades Jóvenes Investigadores e Innovadores.,anexo,7,talento_hv,https://minciencias.gov.co/sites/default/files/upload/convocatoria/anexo_7_plan_de_actividades_jovenes_investigadores.pdf,https://minciencias.gov.co/sites/default/files/upload/convocatoria/anexo_7_plan_de_actividades_jovenes_investigadores_editable.docx
978,Apertura,Anexo 8. Orientaciones Experiencia Mínima.,anexo,8,otro,https://minciencias.gov.co/sites/default/files/upload/convocatoria/anexo_8_orientaciones_experiencia_minima.pdf,
48,Apertura,"TdR Convocatoria 48 del SGR – Aprovechamiento Sostenible de la Biodiversidad, la productividad y el Fortalecimiento Territorial",otro,,,https://minciencias.gov.co/sites/default/files/upload/convocatoria/terminos_de_referencia_convocatoria_48.pdf,
48,Apertura,"Anexo 1 Carta unificada de aval, compromiso institucional y modelo de gobernanza.",anexo,1,aval_institucional,,https://minciencias.gov.co/sites/default/files/upload/convocatoria/anexo_1_carta_unificada_de_aval_compromiso_institucional_y_modelo_de_gobernanza_-_48.docx
48,Apertura,Anexo 2. Documento técnico.,anexo,2,tecnico,,https://minciencias.gov.co/sites/default/files/upload/convocatoria/anexo_2._documento_tecnico_-_48.docx
48,Apertura,Anexo 3. Presupuesto.,anexo,3,finanzas,,https://minciencias.gov.co/sites/default/files/upload/convocatoria/anexo_3._presupuesto_-_48.xlsx
48,Apertura,Anexo 4. Demandas Territoriales bienio 2025 - 2026.,anexo,4,poblacion_especifica,https://minciencias.gov.co/sites/default/files/upload/convocatoria/anexo_4._demandas_territoriales_bieno_2025_-_2026_-_48.pdf,
48,Apertura,"Anexo 5. Formato proyectos de ciencia, tecnología e innovación ejecutados o en ejecución.",anexo,5,otro,,https://minciencias.gov.co/sites/default/files/upload/convocatoria/anexo_5._formato_proyectos_de_ciencia_tecnologia_e_innovacion_ejecutados_o_en_ejecucion.docx
48,Apertura,Anexo 6. Definiciones.,anexo,6,otro,,https://minciencias.gov.co/sites/default/files/upload/convocatoria/anexo_6._definiciones.docx
48,Apertura,Anexo 7. Marco normativo de la Asignación para CTeI del SGR.,anexo,7,otro,https://minciencias.gov.co/sites/default/files/upload/convocatoria/anexo_7._marco_normativo_de_la_asignacion_para_ctei_del_sgr_-_48.pdf,
48,Apertura,Anexo 8. Distribución geográfica SGR.,anexo,8,otro,https://minciencias.gov.co/sites/default/files/upload/convocatoria/anexo_8._distribucion_geografica_sgr_1.pdf,
48,Apertura,Anexo 9. Procedimiento solicitud creación de Rol Formulador CTeI.,anexo,9,procedimental,,https://minciencias.gov.co/sites/default/files/upload/convocatoria/anexo_9._procedimiento_solicitud_creacion_de_rol_formulador_ctei-_48.docx
48,Apertura,"Anexo 10. Documentos para verificar formalidad de las organizaciones comunitarias, étnicas y campesinas.",anexo,10,otro,https://minciencias.gov.co/sites/default/files/upload/convocatoria/anexo_10._documentos_para_verificar_formalidad_de_las_organizaciones_comunitarias_etnicas_y_campesinas_-_48.pdf,
48,Apertura,Anexo 11. Lineamientos enfoque Apropiación Social del Conocimiento.,anexo,11,apropiacion_social,https://minciencias.gov.co/sites/default/files/upload/convocatoria/anexo_11._lineamientos_enfoque_de_apropiacion_social_del_conocimiento_-_48.pdf,
48,Apertura,Anexo 12. Enfoque diferencial e interseccional.,anexo,12,poblacion_especifica,https://minciencias.gov.co/sites/default/files/upload/convocatoria/anexo_12._enfoque_diferencial_e_interseccional_-_48.pdf,
48,Apertura,Anexo 13. Niveles de madurez tecnológica.,anexo,13,tecnico,,https://minciencias.gov.co/sites/default/files/upload/convocatoria/anexo_13._niveles_de_madurez_tecnologica_-_48.docx
48,Apertura,Anexo 14. Municipios PDET y/o ZOMAC.,anexo,14,otro,https://minciencias.gov.co/sites/default/files/upload/convocatoria/anexo_14._municipios_pdet_-_zomac_-_48.pdf,
48,Apertura,Anexo 15. Listado de Corporaciones Autónomas Regionales.,resultado,,,https://minciencias.gov.co/sites/default/files/upload/convocatoria/anexo_15._listado_de_corporaciones_autonomas_regionales_-_48.pdf,
48,Apertura,Anexo 16. Certificado tamaño empresa mediana.,anexo,16,otro,,https://minciencias.gov.co/sites/default/files/upload/convocatoria/anexo_16_certificado_tamano_empresa_mediana_-_48.docx
48,Apertura,Anexo 17. Instructivo para generar MGA-WEB en borrador.,anexo,17,procedimental,https://minciencias.gov.co/sites/default/files/upload/convocatoria/anexo_17._instructivo_para_generar_mga-web_en_borrador.pdf,
48,Apertura,Respuesta a observaciones convocatoria No. 48,comunicado,,,,https://minciencias.gov.co/sites/default/files/upload/convocatoria/f_respuesta_a_observaciones_convocatoria_no._48_1.xlsx
977,Apertura,Anexo 1. Resolución de apertura Publindex 2026,resolucion,,,https://minciencias.gov.co/sites/default/files/upload/convocatoria/resolucion_0336-2026_0.pdf,
977,Apertura,Anexo 2. Términos de referencia de la convocatoria,terminos_referencia,,,https://minciencias.gov.co/sites/default/files/upload/convocatoria/terminos_de_referencia_de_la_convocatoria_publindex_2026_firmados_0.pdf,
977,Apertura,Anexo 3. Modelo de Clasificación y Reconocimiento de Revistas Científicas Nacionales - Publindex 2026,anexo,3,otro,https://minciencias.gov.co/sites/default/files/upload/convocatoria/modelo_de_clasificacion_y_reconocimiento_de_revistas_cientificas_nacionales_-_publindex_2026_0.pdf,
977,Apertura,Anexo 4. Documento de actualización de los Sistemas de Indexación y Resumen (SIR),anexo,4,otro,https://minciencias.gov.co/sites/default/files/upload/convocatoria/documento_de_actualizacion_de_los_sistemas_de_indexacion_y_resumen_-sir_1.pdf,
977,Apertura,Preguntas frecuentes convocatoria 977 de 2026,otro,,,https://minciencias.gov.co/sites/default/files/upload/convocatoria/preguntas_frecuentes_convocatoria_977_de_2026_publindex.pdf,
977,Apertura,Preguntas frecuentes convocatoria 977 de 2026 tomo II,otro,,,https://minciencias.gov.co/sites/default/files/upload/convocatoria/preguntas_frecuentes_convocatoria_977_de_2026_segundo_tomo.pdf,
977,Apertura,"Paso a paso para que la revista sea considerada en la Convocatoria No. 977, Publindex 2026",otro,,,https://minciencias.gov.co/sites/default/files/upload/convocatoria/paso_a_paso_proceso_de_inscricpcion_publindex_2026.pdf,
977,Apertura,Paso a paso para restablecer la contraseña en el aplicativo Publindex,otro,,,https://minciencias.gov.co/sites/default/files/upload/convocatoria/paso_a_paso_para_recuperar_la_contrasena_publindex_2026.pdf,
977,Apertura,Paso a paso aval y revisión de criterios fase 1,otro,,,https://minciencias.gov.co/sites/default/files/upload/convocatoria/paso_a_paso_aval_y_revision_de_criterios_fase_1.pdf,
,Apertura,TDR Concurso Movilidad Academica Continente Africano,otro,,,https://minciencias.gov.co/sites/default/files/upload/convocatoria/tdr_concurso_movilidad_academica_continente_africano.pdf,
,Apertura,Anexo 1. Formato de hoja de vida,anexo,1,talento_hv,,https://minciencias.gov.co/sites/default/files/upload/convocatoria/anexo_1._formato_de_hoja_de_vida.docx
,Apertura,"Anexo 2.  Carta de compromiso, aceptación",anexo,2,otro,,https://minciencias.gov.co/sites/default/files/upload/convocatoria/anexo_2._carta_de_compromiso_aceptacion.docx
,Apertura,Anexo 3.  Formato de resumen de investigación,anexo,3,otro,,https://minciencias.gov.co/sites/default/files/anexo_3._formato_de_resumen_de_investigacion.docx
,Modificaciones,Adenda No.1 Concurso Movilidad Académica Internacional África,modificacion,,,https://minciencias.gov.co/sites/default/files/adenda_no.1_concurso_movilidad_academica_internacional_africa.pdf,
,Modificaciones,Adenda No. 2. Concurso Movilidad Académica Internacional África,modificacion,,,https://minciencias.gov.co/sites/default/files/adenda_no._2._concurso_movilidad_academica_internacional_africa_signed-2.pdf,
,Publicación del listado de elegibles,Listado de elegibles concurso movilidad internacional África,resultado,,,https://minciencias.gov.co/sites/default/files/2.2._listado_de_elegibles_concurso_movilidad_internacional_africa_1.pdf,
,Publicación del listado de elegibles,Perfiles evaluadoras concurso movilidad académica internacional en el continente africano,otro,,,https://minciencias.gov.co/sites/default/files/_rdo_perfiles_evaluadoras_concurso_movilidad_academica_internacional_en_el_continente_africano.docx.pdf,
976,Apertura,Resolución 0275 de 2026,resolucion,,,https://minciencias.gov.co/sites/default/files/upload/convocatoria/resolucion_0275-2026.pdf,
976,Apertura,Términos de Referencia Convocatoria COLOMBIA INTELIGENTE  2026,terminos_referencia,,,https://minciencias.gov.co/sites/default/files/upload/convocatoria/terminos_de_referencia_v6_-_colombia_inteligente_2026_4_1.pdf,
976,Apertura,Anexo 1: Carta unificada de aval y compromiso institucional,anexo,1,aval_institucional,https://minciencias.gov.co/sites/default/files/upload/convocatoria/anexo_1._carta_unificada_de_aval_y_compromiso_institucional_3.pdf,https://minciencias.gov.co/sites/default/files/upload/convocatoria/anexo_1._carta_unificada_de_aval_y_compromiso_institucional_editable.doc
976,Apertura,Anexo 2: Carta de experiencia de la empresa nacional.,anexo,2,alianzas,https://minciencias.gov.co/sites/default/files/upload/convocatoria/anexo_2._carta_de_experiencia_de_la_empresa_nacional_1.pdf,https://minciencias.gov.co/sites/default/files/upload/convocatoria/anexo_2._carta_de_experiencia_de_la_empresa_nacional_editable.docx
976,Apertura,Anexo 3: Hoja de vida investigador principal.,anexo,3,talento_hv,https://minciencias.gov.co/sites/default/files/upload/convocatoria/anexo_3._hoja_de_vida_investigador_principal_0.pdf,https://minciencias.gov.co/sites/default/files/upload/convocatoria/anexo_3._hoja_de_vida_investigador_principal_editable.docx
976,Apertura,Anexo 4. Vinculación de jóvenes investigadores e innovadores.,anexo,4,talento_hv,https://minciencias.gov.co/sites/default/files/upload/convocatoria/anexo_4._vinculacion_de_jovenes_investigadores_e_innovadores__0.pdf,https://minciencias.gov.co/sites/default/files/upload/convocatoria/anexo_4._vinculacion_de_jovenes_investigadores_e_innovadores_editable.docx
976,Apertura,Anexo 5. Vinculación semilleros de investigación.,anexo,5,talento_hv,https://minciencias.gov.co/sites/default/files/upload/convocatoria/anexo_5._vinculacion_semilleros_de_investigacion_1.pdf,https://minciencias.gov.co/sites/default/files/upload/convocatoria/anexo_5._vinculacion_semilleros_de_investigacion_editable.docx
976,Apertura,Anexo 6: Contenido técnico de la propuesta del proyecto.,anexo,6,tecnico,https://minciencias.gov.co/sites/default/files/upload/convocatoria/anexo_6._contenido_tecnico_de_la_propuesta_del_proyecto_1.pdf,
976,Apertura,Anexo 7: Rubros financiables.,anexo,7,finanzas,https://minciencias.gov.co/sites/default/files/upload/convocatoria/anexo_7._rubros_financiables_1.pdf,
976,Apertura,Anexo 8. Apropiación social y divulgación de la ciencia.,anexo,8,apropiacion_social,https://minciencias.gov.co/sites/default/files/upload/convocatoria/anexo_8._apropiacion_social_y_divulgacion_de_la_ciencia_0.pdf,
976,Modificaciones,Nota aclaratoria No. 1  CONVOCATORIA 976 “COLOMBIA INTELIGENTE 2026”,modificacion,,,https://minciencias.gov.co/sites/default/files/nota_aclaratoria_no._1_convocatoria_976_colombia_inteligente_2026.pdf,
976,Modificaciones,Adenda No. 1 de la convocatoria 976-2026,modificacion,,,https://minciencias.gov.co/sites/default/files/1adenda_1_convocatoria_976_de_2026.pdf,
975,Apertura,Resolución 0273 de 2026,resolucion,,,https://minciencias.gov.co/sites/default/files/upload/convocatoria/resolucion_0273-2026.pdf,
975,Apertura,Términos de Referencia Convocatoria de “Becas para el Cambio”  Formación en Maestrías y Doctorados,terminos_referencia,,,https://minciencias.gov.co/sites/default/files/upload/convocatoria/terminos_referencia_convocatoria_apoyo_formacion_alto_nivel_vr_final_ajustado.pdf,
975,Apertura,"Anexo 1: Carta de compromiso, conocimiento, autorización del tratamiento de datos personales y aceptación del candidato.",anexo,1,otro,https://minciencias.gov.co/sites/default/files/upload/convocatoria/anexo_1_carta_de_compromiso_y_aceptacion_del_candidato.pdf,
975,Apertura,"Anexo 1: Carta de compromiso, conocimiento, autorización del tratamiento de datos personales y aceptación del candidato - editab",anexo,1,otro,,https://minciencias.gov.co/sites/default/files/upload/convocatoria/anexo_1_carta_de_compromiso_y_aceptacion_del_candidato.docx
975,Apertura,Anexo 2: Documento Técnico de la Propuesta,anexo,2,tecnico,https://minciencias.gov.co/sites/default/files/upload/convocatoria/anexo_2_documento_tecnico_de_la_propuesta.pdf,
975,Apertura,Anexo 2: Documento Técnico de la Propuesta - editable,anexo,2,tecnico,,https://minciencias.gov.co/sites/default/files/upload/convocatoria/anexo_2_documento_tecnico_de_la_propuesta.docx
975,Apertura,Anexo 3: Áreas OCDE,anexo,3,otro,https://minciencias.gov.co/sites/default/files/upload/convocatoria/anexo_3_areas_ocde.pdf,
975,Modificaciones,Adenda No. 1 de la convocatoria 975-2026,modificacion,,,https://minciencias.gov.co/sites/default/files/adenda_1_convocatoria_975_de_2026_1_0.pdf,
975,Modificaciones,Adenda No. 2 de la convocatoria 975-2026,modificacion,,,https://minciencias.gov.co/sites/default/files/adenda_2_convocatoria_975_de_2026_abril_27_1_1.pdf,
975,Modificaciones,Adenda No. 3 de la convocatoria 975-2026,modificacion,,,https://minciencias.gov.co/sites/default/files/adenda_3_convocatoria_975_de_2026.pdf,
975,Publicación de resultados preliminares,Banco Preliminar de Propuestas Elegibles de la Convocatoria 975 de 2026,otro,,,https://minciencias.gov.co/sites/default/files/convocatoria/banco_preliminar_de_propuestas_elegibles_de_la_convocatoria_975_de_2026_0.pdf,
52,Apertura,Términos de referencia Convocatoria No. 52,terminos_referencia,,,https://minciencias.gov.co/sites/default/files/upload/convocatoria/terminos_de_referencia_convocatoria_52_sgr_def.pdf,
52,Apertura,"Anexo 1b. Carta unificada de aval, compromiso institucional y modelo de gobernanza.",anexo,1,aval_institucional,,https://minciencias.gov.co/sites/default/files/upload/convocatoria/1._anexo_1b._carta_unificada_de_aval_compromiso_institucional_y_modelo_de_gober_0.doc
52,Apertura,Anexo 2. Documento técnico,anexo,2,tecnico,,https://minciencias.gov.co/sites/default/files/upload/convocatoria/anexo_2._documento_tecnico_12.docx
52,Apertura,Anexo 3. Presupuesto.,anexo,3,finanzas,,https://minciencias.gov.co/sites/default/files/upload/convocatoria/anexo_3._presupuesto_16.xlsx
52,Apertura,"Anexo 4. Demandas Territoriales, Dptos: Córdoba, Antioquia, La Guajira, Sucre, Bolívar, Cesar, Magdalena y Chocó",anexo,4,poblacion_especifica,https://minciencias.gov.co/sites/default/files/upload/convocatoria/anexo_4._demandas_territoriales_dptos_cordoba_antioquia_la_guajira_sucre_bolivar_cesar_magdalena_y_choco.pdf,
52,Apertura,Anexo 5. Formato de “Proyectos de CTeI gestionados o ejecutados del proponente e integrantes de la alianza”.,anexo,5,otro,https://minciencias.gov.co/sites/default/files/upload/convocatoria/anexo_5._formato_de_proyectos_de_ctei_gestionados_o_ejecutados_del_proponente_e_integrantes_de_la_alianza.pdf,
52,Apertura,Anexo 6. Definiciones.,anexo,6,otro,https://minciencias.gov.co/sites/default/files/upload/convocatoria/anexo_6._definiciones_1.pdf,
52,Apertura,Anexo 7. Marco normativo de la Asignación para CTeI del SGR.,anexo,7,otro,https://minciencias.gov.co/sites/default/files/upload/convocatoria/anexo_7._marco_normativo_de_la_asignacion_para_ctei_del_sgr_1.pdf,
52,Apertura,Anexo 8. Distribución geográfica por departamento y regiones,anexo,8,otro,https://minciencias.gov.co/sites/default/files/upload/convocatoria/anexo_8._distribucion_geografica_por_departamento_y_regiones_11.pdf,
52,Apertura,Anexo 9. Procedimiento para llevar a cabo la actividad “Solicitud creación de Rol Formulador CTeI”.,anexo,9,procedimental,https://minciencias.gov.co/sites/default/files/upload/convocatoria/9._anexo_9._procedimiento_para_llevar_a_cabo_la_actividad_solicitud_creacion_de_rol_formulador_ctei_0.pdf,
52,Apertura,Anexo 10. Categorizacion IDIC,anexo,10,tecnico,https://minciencias.gov.co/sites/default/files/upload/convocatoria/anexo_10._categorizacion_idic_2.pdf,
52,Apertura,Anexo 11 Apropiacion Social en Proyectos CTeI,anexo,11,apropiacion_social,https://minciencias.gov.co/sites/default/files/upload/convocatoria/anexo._11_apropiacion_social_en_proyectos_ctei.pdf,
52,Apertura,Anexo 12. Enfoque Diferencial e Interseccional,anexo,12,poblacion_especifica,https://minciencias.gov.co/sites/default/files/upload/convocatoria/anexo_12._enfoque_diferencial_e_interseccional_0.pdf,
52,Apertura,Anexo 13. Niveles de Madurez Tecnologica,anexo,13,tecnico,https://minciencias.gov.co/sites/default/files/upload/convocatoria/anexo_13._niveles_de_madurez_tecnologica.pdf,
52,Apertura,Anexo 14. Instructivo para generar MGA-WEB,anexo,14,procedimental,https://minciencias.gov.co/sites/default/files/upload/convocatoria/anexo_14._instructivo_para_generar_mga-web.pdf,
52,Apertura,Respuesta a observaciones Convocatoria No. 52,comunicado,,,,https://minciencias.gov.co/sites/default/files/upload/convocatoria/respuesta_a_observaciones_convocatoria_no._52.xlsx
52,Publicación de resultados preliminares,LISTADO PROYECTOS HABILITADOS,resultado,,,https://minciencias.gov.co/sites/default/files/convocatoria/listado_de_proyectos_habilitados_convocatoria_52.pdf,
52,Publicación de resultados preliminares,LISTADO FINAL DE PROYECTOS HABILITADOS,resultado,,,https://minciencias.gov.co/sites/default/files/convocatoria/listado_final_de_proyectos_habilitados_convocatoria_52.pdf,
49,Apertura,Términos de referencia Convocatoria No. 49,terminos_referencia,,,https://minciencias.gov.co/sites/default/files/upload/convocatoria/terminos_de_referencia_convocatoria_49_sgr_def.pdf,
49,Apertura,Anexo_1_carta_de_aval PB Energía.docx,anexo,1,aval_institucional,,https://minciencias.gov.co/sites/default/files/upload/convocatoria/1._anexo_1._carta_unificada_de_aval_compromiso_institucional_y_modelo_de_gobernanza.docx
49,Apertura,Anexo_2_Documento_Técnico_ PB_Energía.docx,anexo,2,otro,,https://minciencias.gov.co/sites/default/files/upload/convocatoria/2._anexo_2._documento_tecnico.docx
49,Apertura,Anexo_3_Presupuesto_ PB_Energía.xlsx,anexo,3,finanzas,,https://minciencias.gov.co/sites/default/files/upload/convocatoria/3._anexo_3._presupuesto_conv._49.xlsx
49,Apertura,Anexo_4_Demandas Territoriales Energía P Bienal.docx,anexo,4,poblacion_especifica,https://minciencias.gov.co/sites/default/files/upload/convocatoria/4._anexo_4._demandas_territoriales.pdf,
49,Apertura,Anexo_5._Formato_de_proyectos_de_CTEI_Energía P Bienal.doc,anexo,5,otro,,https://minciencias.gov.co/sites/default/files/upload/convocatoria/anexo_5._formato_de_proyectos_de_ctei_energia_p_bienal.docx
49,Apertura,Anexo_6_Definiciones Energía P Bienal.docx,anexo,6,otro,,https://minciencias.gov.co/sites/default/files/upload/convocatoria/anexo_6_-_definiciones_energia_p_bienal_1.docx
49,Apertura,Anexo_7_Niveles_de_madurez_tecnologica_PB_Energía.docx,anexo,7,otro,,https://minciencias.gov.co/sites/default/files/upload/convocatoria/7._anexo_7._niveles_de_madurez_tecnologica_pb_energia.docx.docx
49,Apertura,Anexo_8_Productos_PB_Energía.docx,anexo,8,otro,https://minciencias.gov.co/sites/default/files/upload/convocatoria/8._anexo_8_productos_pb_energia.docx.pdf,
49,Apertura,Anexo_9 - Instructivo para generar MGA-WEB,anexo,9,procedimental,https://minciencias.gov.co/sites/default/files/upload/convocatoria/9._anexo_9_-_instructivo_para_generar_mga-web.pdf,
49,Apertura,Anexo_10_Categorizacion_IDIC_PB_Energía.docx,anexo,10,tecnico,https://minciencias.gov.co/sites/default/files/upload/convocatoria/10._anexo_10_categorizacion_idic_pb_energia.docx.pdf,
49,Apertura,Anexo_11_Lineamientos_Apropiacion_Social_del_Conocimiento_PB_Energía.docx,anexo,11,otro,https://minciencias.gov.co/sites/default/files/upload/convocatoria/11._anexo_11._lineamientos_apropiacion_social_del_conocimiento_pb_energia.docx.pdf,
49,Apertura,Anexo_12_Enfoque_diferencial_e_interseccional_PB_Energía.docx,anexo,12,poblacion_especifica,https://minciencias.gov.co/sites/default/files/upload/convocatoria/12._anexo_12_enfoque_diferencial_e_interseccional_pb_energia.docx.pdf,
49,Apertura,Anexo_13 Procedimiento para llevar a cabo la actividad “Solicitud creación de Rol Formulador CTeI”.,anexo,13,procedimental,https://minciencias.gov.co/sites/default/files/upload/convocatoria/13._anexo_13._procedimiento_para_llevar_a_cabo_la_actividad_solicitud_creacion_de_rol_formulador_ctei.pdf,
49,Apertura,Respuesta Observaciones Convocatoria 49,comunicado,,,,https://minciencias.gov.co/sites/default/files/upload/convocatoria/respuesta_observaciones_convocatoria_49.xlsx
49,Apertura,Respuesta radicado N.1-2026-017759,comunicado,,,https://minciencias.gov.co/sites/default/files/upload/convocatoria/respuesta_radicado_n.1-2026-017759.pdf,
49,Apertura,Comunicado Informativo Conv 49,comunicado,,,https://minciencias.gov.co/sites/default/files/upload/convocatoria/comunicado_informativo_conv_49.pdf,
49,Apertura,Listado Comunidades Energeticas RCE,resultado,,,https://minciencias.gov.co/sites/default/files/upload/convocatoria/listado_comunidades_energeticas_rce.pdf,
49,Apertura,Modelo de convenio asociativo para comunidades en general,otro,,,,https://minciencias.gov.co/sites/default/files/upload/convocatoria/modelo_de_convenio_asociativo_para_comunidades_en_general.docx
49,Publicación de resultados preliminares,LISTADO PRELIMINAR PROYECTOS HABILITADOS,resultado,,,https://minciencias.gov.co/sites/default/files/convocatoria/listado_preliminar_proyectos_habilitados_3.pdf,
49,Publicación de resultados preliminares,LISTADO FINAL PROYECTOS HABILITADOS,resultado,,,https://minciencias.gov.co/sites/default/files/convocatoria/listado_final_de_proyectos_habilitados_49.pdf,
49,Publicación de resultados preliminares,LISTADO PRELIMINAR DE PROYECTOS ELEGIBLES,resultado,,,https://minciencias.gov.co/sites/default/files/convocatoria/conv._49_-_2._m801pr02pl03_consolidado_resultados_proceso_de_evaluacion_v02_09_10_2025_firmado_1.pdf,
47,Apertura,Términos de referencia Convocatoria No. 47,terminos_referencia,,,https://minciencias.gov.co/sites/default/files/upload/convocatoria/terminos_de_referencia_convocatoria_47_sgr_def.pdf,
47,Apertura,"Anexo 1b. Carta unificada de aval, compromiso institucional y modelo de gobernanza.",anexo,1,aval_institucional,,https://minciencias.gov.co/sites/default/files/upload/convocatoria/1._anexo_1b._carta_unificada_de_aval_compromiso_institucional_y_modelo_de_gober.doc
47,Apertura,Anexo 2. Documento técnico,anexo,2,tecnico,,https://minciencias.gov.co/sites/default/files/upload/convocatoria/2._anexo_2._documento_tecnico._1.docx
47,Apertura,Anexo 3. Presupuesto.,anexo,3,finanzas,,https://minciencias.gov.co/sites/default/files/upload/convocatoria/3._anexo_3._presupuesto._1.xlsx
47,Apertura,Anexo 4. Demandas Territoriales.,anexo,4,poblacion_especifica,https://minciencias.gov.co/sites/default/files/upload/convocatoria/4._anexo_4._demandas_territoriales._1.pdf,
47,Apertura,Anexo 5. Formato de “Proyectos de CTeI gestionados o ejecutados del proponente e integrantes de la alianza”.,anexo,5,otro,,https://minciencias.gov.co/sites/default/files/upload/convocatoria/5._anexo_5._formato_de_proyectos_de_ctei_gestionados_o_ejecutados_proponente_e_integrantes_de_la_alianza._1.docx
47,Apertura,Anexo 6. Definiciones.,anexo,6,otro,,https://minciencias.gov.co/sites/default/files/upload/convocatoria/6._anexo_6._definiciones_de_las_convocatorias_de_ctei_del_sgr_1.docx
47,Apertura,Anexo 7. Marco normativo de la Asignación para CTeI del SGR.,anexo,7,otro,,https://minciencias.gov.co/sites/default/files/upload/convocatoria/7._anexo_7._marco_normativo_de_la_asignacion_para_ctei_del_sgr._1.doc
47,Apertura,Anexo 8. Lineamientos para integrar el enfoque de apropiación social del conocimiento,anexo,8,apropiacion_social,,https://minciencias.gov.co/sites/default/files/upload/convocatoria/8._anexo_8._lineamientos_para_integrar_enfoque_de_apropiacion_social_del_conocimiento._1.docx
47,Apertura,Anexo 9. Procedimiento para llevar a cabo la actividad “Solicitud creación de Rol Formulador CTeI”,anexo,9,procedimental,https://minciencias.gov.co/sites/default/files/upload/convocatoria/9._anexo_9._procedimiento_para_llevar_a_cabo_la_actividad_solicitud_creacion_de_rol_formulador_ctei.pdf,
47,Apertura,Anexo 10. Instructivo para generar MGA-WEB en borrador,anexo,10,procedimental,,https://minciencias.gov.co/sites/default/files/upload/convocatoria/10._anexo_10._lineamientos_para_integrar_el_enfoque_de_apropiacion_social_del_conocimiento._1.doc
47,Apertura,Respuesta a observaciones Convocatoria No. 47,comunicado,,,,https://minciencias.gov.co/sites/default/files/upload/convocatoria/respuesta_a_observaciones_convocatoria_no._47.xlsx
47,Apertura,Comunicado de prensa Convocatoria No. 47,comunicado,,,https://minciencias.gov.co/sites/default/files/upload/convocatoria/comunicado_de_prensa_convocatoria_no_.47.pdf,
47,Modificaciones,MODIFICACION 1 CONVOCATORIA No. 47,modificacion,,,https://minciencias.gov.co/sites/default/files/modificacion_1_convocatoria_47_publicar.pdf,
47,Modificaciones,COMUNICADO: TRASLADO PUBLICACION RESULTADOS DE EVALUACION CONV 47,comunicado,,,https://minciencias.gov.co/sites/default/files/comunicado_traslado_publicacion_conv_47_0.pdf,
47,Publicación de resultados preliminares,LISTADO DE PROYECTOS HABILITADOS,resultado,,,https://minciencias.gov.co/sites/default/files/convocatoria/listado_de_proyectos_habilitados_1.pdf,
47,Publicación de resultados preliminares,LISTADO FINAL DE PROYECTOS HABILITADOS,resultado,,,https://minciencias.gov.co/sites/default/files/convocatoria/listado_final_de_proyectos_habilitados_2.pdf,
47,Publicación de resultados preliminares,OBSERVACIONES Y RESPUESTAS LISTADO PROYECTOS HABILITADOS,resultado,,,https://minciencias.gov.co/sites/default/files/convocatoria/observaciones_y_respuestas_listado_proyectos_habilitados.pdf,
47,Publicación de resultados preliminares,ALCANCE-LISTADO FINAL DE PROYECTOS HABILITADOS,resultado,,,https://minciencias.gov.co/sites/default/files/convocatoria/alcance_-_listado_final_de_proyectos_habilitados_conv_47_-2026.pdf,
974,Apertura,Resolución 0074-2026,resolucion,,,https://minciencias.gov.co/sites/default/files/upload/convocatoria/resolucion_0074-2026_0.pdf,
974,Apertura,Términos de Referencia Convocatoria de “BECAS PARA EL CAMBIO” formación en maestrías y doctorados Región Pacífico,terminos_referencia,,,https://minciencias.gov.co/sites/default/files/upload/convocatoria/terminos_de_referencia_convocatoria_de_becas_para_el_cambio_formacion_en_maestrias_y_doctorados_region_pacifico_0.pdf,
974,Apertura,"Anexo 1_ Carta de compromiso, conocimiento y aceptación del_la candidato(a) (editable).",anexo,1,otro,https://minciencias.gov.co/sites/default/files/upload/convocatoria/anexo_1_carta_de_compromiso_conocimiento_y_aceptacion_del_la_candidatoa.pdf,https://minciencias.gov.co/sites/default/files/upload/convocatoria/anexo_1_carta_de_compromiso_conocimiento_y_aceptacion_del_la_candidatoa_editable.docx
974,Apertura,Anexo 2_ Propuesta de Investigación_Desarrollo Tecnológico y_o Innovación (editable).,anexo,2,otro,https://minciencias.gov.co/sites/default/files/upload/convocatoria/anexo_2_propuesta_de_investigacion_desarrollo_tecnologico_y_o_innovacion.pdf,https://minciencias.gov.co/sites/default/files/upload/convocatoria/anexo_2_propuesta_de_investigacion_desarrollo_tecnologico_y_o_innovacion_editable.docx
974,Apertura,Anexo 3_ Hoja de Vida del_la candidato(a) (editable).,anexo,3,talento_hv,https://minciencias.gov.co/sites/default/files/upload/convocatoria/anexo_3_hoja_de_vida_del_la_candidatoa.pdf,https://minciencias.gov.co/sites/default/files/upload/convocatoria/anexo_3_hoja_de_vida_del_la_candidatoa_editable.docx
974,Apertura,Anexo 4_ Áreas OCDE,anexo,4,otro,https://minciencias.gov.co/sites/default/files/upload/convocatoria/anexo_4_areas_ocde.pdf,
974,Modificaciones,Adenda No. 1 - convocatoria 974,modificacion,,,https://minciencias.gov.co/sites/default/files/adenda_1_convocatoria_974_de_2026_2.pdf,
974,Modificaciones,Adenda No. 2 - convocatoria 974,modificacion,,,https://minciencias.gov.co/sites/default/files/adenda_2_convocatoria_974_de_2026.pdf,
974,Modificaciones,Fe de erratas Adenda No. 2 convocatoria 974-2026,modificacion,,,https://minciencias.gov.co/sites/default/files/fe_de_erratas_adenda_no._2_convocatoria_974-2026_1.pdf,
974,Publicación de resultados preliminares,Banco Preliminar de Propuestas Elegibles de la Convocatoria 974 de 2026,otro,,,https://minciencias.gov.co/sites/default/files/banco_preliminar_de_propuestas_elegibles_de_la_convocatoria_974_de_2026.pdf,
974,Publicación de resultados definitivos,Banco Definitivo de Propuestas Elegibles de la Convocatoria 974 de 2026,otro,,,https://minciencias.gov.co/sites/default/files/banco_definitivo_de_propuestas_elegibles_de_la_convocatoria_974_de_2026_1.pdf,
974,Publicación de resultados definitivos,Resolución 0590-2026,resolucion,,,https://minciencias.gov.co/sites/default/files/resolucion_0590-2026.pdf,
51,Apertura,TdR Convocatoria 51 del SGR,otro,,,https://minciencias.gov.co/sites/default/files/upload/convocatoria/tdr_convocatoria_51_del_sgr.pdf,
51,Apertura,"Anexo 1. Carta unificada de aval, compromiso institucional y modelo de gobernanza.",anexo,1,aval_institucional,,https://minciencias.gov.co/sites/default/files/upload/convocatoria/anexo_1._carta_unificada_de_aval_compromiso_institucional_y_modelo_de_gobernanza_0.docx
51,Apertura,Anexo 2. Documento técnico.,anexo,2,tecnico,,https://minciencias.gov.co/sites/default/files/upload/convocatoria/anexo_2._documento_tecnico_9.docx
51,Apertura,Anexo 3. Presupuesto.,anexo,3,finanzas,,https://minciencias.gov.co/sites/default/files/upload/convocatoria/anexo_3._presupuesto_13.xlsx
51,Apertura,Anexo 4. Demandas Territoriales.,anexo,4,poblacion_especifica,,https://minciencias.gov.co/sites/default/files/upload/convocatoria/anexo_4._demandas_territoriales.docx
51,Apertura,"Anexo 5. Proyecto de Ciencia, Tecnología e Innovación.",anexo,5,otro,https://minciencias.gov.co/sites/default/files/upload/convocatoria/anexo_5._proyectos_de_ciencia_tecnologia_e_innovacion_gestionados_ejecutados_o_en_ejecucion_por_el_proponente_y_de_los_aliados.pdf,
51,Apertura,Anexo 6. Procedimiento del Rol Formulador.,anexo,6,procedimental,https://minciencias.gov.co/sites/default/files/upload/convocatoria/anexo_6._definiciones_de_las_convocatorias_de_ctei_del_sgr_9.pdf,
51,Apertura,Anexo 7. Marco normativo de la Asignación CTeI del Sistema General de Regalías.,anexo,7,otro,https://minciencias.gov.co/sites/default/files/upload/convocatoria/anexo_7._marco_normativo_de_la_asignacion_para_ctei_del_sgr_0.pdf,
51,Apertura,Anexo 8. Procedimiento para llevar a cabo la actividad “solicitud creación de rol formulador CTeI”.,anexo,8,procedimental,https://minciencias.gov.co/sites/default/files/upload/convocatoria/anexo_8._procedimiento_rol_formulador.pdf,
51,Apertura,Anexo 9. Lineamientos para integrar el enfoque de apropiación social del conocimiento.,anexo,9,apropiacion_social,https://minciencias.gov.co/sites/default/files/upload/convocatoria/anexo_9._lineamientos_para_integrar_el_enfoque_de_apropiacion_social_del_conocimiento.pdf,
51,Apertura,Anexo 10. orientaciones generales para la vinculación del talento humano,anexo,10,otro,https://minciencias.gov.co/sites/default/files/upload/convocatoria/anexo_10._orientaciones_generales_para_la_vinculacion_del_talento_humano.pdf,
51,Apertura,Anexo 11. Enfoque Diferencial e Interseccional.,anexo,11,poblacion_especifica,https://minciencias.gov.co/sites/default/files/upload/convocatoria/anexo_11._enfoque_diferencial_e_interseccional.pdf,
51,Apertura,Anexo 12. Niveles de Madurez Tecnológica.,anexo,12,tecnico,https://minciencias.gov.co/sites/default/files/upload/convocatoria/anexo_12._niveles_de_madurez_tecnologica.pdf,
51,Apertura,Anexo 13. Instructivo para generar MGA-WEB en borrador.,anexo,13,procedimental,https://minciencias.gov.co/sites/default/files/upload/convocatoria/anexo_13._instructivo_para_generar_mga-web_final.pdf,
51,Modificaciones,MODIFICACIÓN 1 CONVOCATORIA No. 51,modificacion,,,https://minciencias.gov.co/sites/default/files/modificacion_1_convocatoria_51.pdf,
51,Publicación de resultados preliminares,PUBLICACIÓN DEL LISTADO PRELIMINAR PROYECTOS HABILITADOS,resultado,,,https://minciencias.gov.co/sites/default/files/convocatoria/listado_preliminar_de_proyectos_habilitados.pdf,
51,Publicación de resultados preliminares,PUBLICACIÓN DEL LISTADO FINAL PROYECTOS HABILITADOS,resultado,,,https://minciencias.gov.co/sites/default/files/convocatoria/listado_final_de_proyectos_habilitados_51.pdf,
45,Apertura,TdR Convocatoria 45 del SGR,otro,,,https://minciencias.gov.co/sites/default/files/upload/convocatoria/tdr_convocatoria_45_26dic_publicar.pdf,
45,Apertura,"Anexo 1. Carta unificada de aval, compromiso institucional y modelo de gobernanza.",anexo,1,aval_institucional,,https://minciencias.gov.co/sites/default/files/upload/convocatoria/anexo_1._carta_unificada_de_aval_compromiso_institucional_y_modelo_de_gobernanza_1.docx
45,Apertura,Anexo 2. Documento técnico.,anexo,2,tecnico,,https://minciencias.gov.co/sites/default/files/upload/convocatoria/anexo_2._documento_tecnico_11.docx
45,Apertura,Anexo 3. Presupuesto.,anexo,3,finanzas,,https://minciencias.gov.co/sites/default/files/upload/convocatoria/anexo_3._presupuesto_15.xlsx
45,Apertura,Anexo 4. Demandas Territoriales.,anexo,4,poblacion_especifica,,https://minciencias.gov.co/sites/default/files/upload/convocatoria/anexo_4._demandas_territoriales_2025_2026.xlsx
45,Apertura,Anexo 5. Instructivo para generar MGA-WEB en borrador.,anexo,5,procedimental,https://minciencias.gov.co/sites/default/files/upload/convocatoria/anexo_5._instructivo_para_generar_mga-web_en_borrador.pdf,
45,Apertura,Anexo 6. Áreas OCDE.,anexo,6,otro,https://minciencias.gov.co/sites/default/files/upload/convocatoria/anexo_6._areas_ocde.pdf,
45,Apertura,Anexo 7. Marco normativo de la Asignación CTeI del Sistema General de Regalías.,anexo,7,otro,https://minciencias.gov.co/sites/default/files/upload/convocatoria/anexo_7._marco_normativo_de_la_actei_del_sgr.pdf,
45,Apertura,Anexo 8. Enfoque diferencial e interseccional.,anexo,8,poblacion_especifica,https://minciencias.gov.co/sites/default/files/upload/convocatoria/anexo_8._enfoque_diferencial_e_interseccional.pdf,
45,Apertura,Anexo 9. Procedimiento para llevar a cabo la actividad “Solicitud creación de Rol Formulador CTeI”.,anexo,9,procedimental,https://minciencias.gov.co/sites/default/files/upload/convocatoria/anexo_9._procedimiento_rol_formulador_1.pdf,
45,Apertura,Anexo 10. Categorización IDIC.,anexo,10,tecnico,,https://minciencias.gov.co/sites/default/files/upload/convocatoria/anexo_10._categorizacion_idic.docx
45,Apertura,Respuestas Observaciones Convocatoria No. 45,otro,,,,https://minciencias.gov.co/sites/default/files/upload/convocatoria/respuesta_observaciones_convocatoria_45_sgr_0.xlsx
45,Apertura,COMUNICADO CONVOCATORIA 45,comunicado,,,https://minciencias.gov.co/sites/default/files/upload/convocatoria/comunicado_convocatoria_45.pdf,
45,Modificaciones,MODIFICACIÓN 1 CONVOCATORIA No. 45,modificacion,,,https://minciencias.gov.co/sites/default/files/modificacion_1_convocatoria_no._45.pdf,
45,Modificaciones,MODIFICACIÓN 2 CONVOCATORIA No. 45,modificacion,,,https://minciencias.gov.co/sites/default/files/modificacion_no._2_convocatoria_45.pdf,
45,Publicación de resultados preliminares,LISTADO PRELIMINAR PROYECTOS HABILITADOS,resultado,,,https://minciencias.gov.co/sites/default/files/convocatoria/listado_preliminar_proyectos_habilitados.pdf,
45,Publicación de resultados preliminares,LISTADO FINAL PROYECTOS HABILITADO,resultado,,,https://minciencias.gov.co/sites/default/files/convocatoria/publicacion_listado_final_proyectos_habilitados.pdf,
45,Publicación de resultados preliminares,RESPUESTA A SOLICITUDES DE OBSERVACIÓNES,otro,,,https://minciencias.gov.co/sites/default/files/convocatoria/respuesta_a_solicitudes_de_observaciones.pdf,
45,Publicación de resultados preliminares,ALCANCE - LISTADO FINAL PROYECTOS HABILITADOS,resultado,,,https://minciencias.gov.co/sites/default/files/convocatoria/alcance_-_publicacion_listado_final_proyectos_habilitados_0.pdf,
45,Publicación de resultados preliminares,PUBLICACIÓN DE RESULTADOS DE EVALUACIÓN,otro,,,https://minciencias.gov.co/sites/default/files/convocatoria/publicacion_de_resultados_de_evaluacion.pdf,
45,Publicación de resultados preliminares,Alcance Listado preliminar de elegible Convocatoria 45,resultado,,,https://minciencias.gov.co/sites/default/files/convocatoria/alcance_listado_preliminar_de_elegible_convocatoria_45.pdf,
45,Publicación de resultados definitivos,LISTADO DEFINTIVO DE PROYECTOS ELEGIBLES,resultado,,,https://minciencias.gov.co/sites/default/files/listado_defintivo_de_proyectos_elegibles.pdf,
45,Publicación de resultados definitivos,Alcance: LISTADO DEFINITIVO DE PROYECTOS ELEGIBLES – Convocatoria 45,resultado,,,https://minciencias.gov.co/sites/default/files/alcance_listado_definitivo_de_proyectos_elegibles_-_convocatoria_45.pdf,
973,Apertura,Resolución 1473 de 2025,resolucion,,,https://minciencias.gov.co/sites/default/files/upload/convocatoria/resolucion_1473-2025.pdf,
973,Apertura,Términos de Referencia Convocatoria formación de capital humano docentes establecimientos educativos oficiales de Cundinamarca,terminos_referencia,,,https://minciencias.gov.co/sites/default/files/upload/convocatoria/terminos_de_referencia_v.5_convocatoria_cundinamarca_vtobo_dvf_fdo.pdf,
973,Apertura,Anexo 1. Certificación emitida por la secretaría de educación departamental o municipal.,anexo,1,otro,https://minciencias.gov.co/sites/default/files/upload/convocatoria/anexo_1._certificacion_emitida_por_la_secretaria_de_educacion_departamental_o_municipal.pdf,
973,Apertura,Anexo 2. Carta aval del establecimiento educativo oficial,anexo,2,aval_institucional,https://minciencias.gov.co/sites/default/files/upload/convocatoria/anexo_2._carta_aval_del_establecimiento_educativo_oficial.pdf,https://minciencias.gov.co/sites/default/files/upload/convocatoria/anexo_2._carta_aval_del_establecimiento_educativo_oficial_-_editable.docx
973,Apertura,"Anexo 3. Carta de compromiso, conocimiento y aceptación del candidato para desarrollar la propuesta de investigación, desarrollo",anexo,3,otro,,https://minciencias.gov.co/sites/default/files/upload/convocatoria/anexo_3._carta_de_compromiso_conocimiento_y_aceptacion_del_candidato_para_desarrollar_la_propuesta_-_editable.docx
973,Apertura,"Anexo 3. Carta de compromiso, conocimiento y aceptación del candidato para desarrollar la propuesta",anexo,3,otro,https://minciencias.gov.co/sites/default/files/upload/convocatoria/anexo_3._carta_de_compromiso_conocimiento_y_aceptacion_del_candidato_para_desarrollar_la_propuesta.pdf,
973,Apertura,Anexo 4. Enfoque diferencial e interseccional y autorización de tratamiento de datos personales,anexo,4,poblacion_especifica,https://minciencias.gov.co/sites/default/files/upload/convocatoria/anexo_4._enfoque_diferencial_e_interseccional_y_autorizacion_de_tratamiento_de_datos_personales.pdf,https://minciencias.gov.co/sites/default/files/upload/convocatoria/anexo_4._enfoque_diferencial_e_interseccional_y_autorizacion_de_tratamiento_de_datos_personales_-_editable.docx
973,Apertura,Anexo 5. Reglamento de condonación,anexo,5,otro,https://minciencias.gov.co/sites/default/files/upload/convocatoria/anexo_5._reglamento_de_condonacion.pdf,
973,Apertura,Anexo 6. Documento científico - técnico,anexo,6,otro,https://minciencias.gov.co/sites/default/files/upload/convocatoria/anexo_6._documento_cientifico_-_tecnico.pdf,
973,Apertura,Anexo 7. Acuerdo de propiedad intelectual,anexo,7,otro,https://minciencias.gov.co/sites/default/files/upload/convocatoria/anexo_7._acuerdo_de_propiedad_intelectual.pdf,
973,Terminación Anormal de la Convocatoria,Resolución 0035-2026 - Terminación Anormal de la Convocatoria 973 de 2025,resolucion,,,https://minciencias.gov.co/sites/default/files/1._resolucion_0035-2026_-_terminacion_anormal_de_la_convocatoria_973_de_2025_0.pdf,
50,Apertura,TdR Convocatoria 50 del SGR - INVESTIGACIÓN BÁSICA,otro,,,https://minciencias.gov.co/sites/default/files/upload/convocatoria/tdr_convocatoria_50_investigacion_basica_final.pdf,
50,Apertura,"Anexo 1. Carta unificada de aval, compromiso institucional y modelo de gobernanza",anexo,1,aval_institucional,,https://minciencias.gov.co/sites/default/files/upload/convocatoria/anexo_1._carta_de_aval_institucional_y_modelo_de_gobernanza_final.docx
50,Apertura,Anexo 2. Documento técnico.,anexo,2,tecnico,,https://minciencias.gov.co/sites/default/files/upload/convocatoria/anexo_2._documento_tecnico_final.docx
50,Apertura,Anexo 3. Presupuesto,anexo,3,finanzas,,https://minciencias.gov.co/sites/default/files/upload/convocatoria/anexo_3._presupuesto_final.xlsx
50,Apertura,Anexo 4. Demandas Territoriales.,anexo,4,poblacion_especifica,,https://minciencias.gov.co/sites/default/files/upload/convocatoria/anexo_4._demandas_territoriales_2025_2026_final.xlsx
50,Apertura,Anexo 5. Instructivo para generar MGA-WEB en borrador,anexo,5,procedimental,https://minciencias.gov.co/sites/default/files/upload/convocatoria/anexo_5._instructivo_para_generar_mga-web_final.pdf,
50,Apertura,Anexo 6. Niveles de madurez tecnológica.,anexo,6,tecnico,https://minciencias.gov.co/sites/default/files/upload/convocatoria/anexo_6._niveles_de_madurez_tecnologica_final.pdf,
50,Apertura,Anexo 7. Marco normativo de la Asignación CTeI del Sistema General de Regalías.,anexo,7,otro,https://minciencias.gov.co/sites/default/files/upload/convocatoria/anexo_7._marco_normativo_del_sgr_final.pdf,
50,Apertura,Anexo 8. Productos resultados de actividades de Generación de Nuevo Conocimiento y productos resultados de actividades de Apropi,anexo,8,otro,https://minciencias.gov.co/sites/default/files/upload/convocatoria/anexo_8._productos_resultados_final.pdf,
50,Apertura,Anexo 9. Procedimiento para llevar a cabo la actividad “Solicitud creación de Rol Formulador CTeI”.,anexo,9,procedimental,https://minciencias.gov.co/sites/default/files/upload/convocatoria/anexo_9._procedimiento_rol_formulador_final.pdf,
50,Apertura,Anexo 10. Categorización IDIC.,anexo,10,tecnico,https://minciencias.gov.co/sites/default/files/upload/convocatoria/anexo_10._categorizacion_idic_final.pdf,
50,Apertura,Anexo 11. Áreas OCDE.,anexo,11,otro,https://minciencias.gov.co/sites/default/files/upload/convocatoria/anexo_11._areas_ocde_final.pdf,
50,Apertura,Anexo 12. Enfoque diferencial e interseccional.,anexo,12,poblacion_especifica,https://minciencias.gov.co/sites/default/files/upload/convocatoria/anexo_12._enfoque_diferencial_e_interseccional_final.pdf,
50,Apertura,Respuesta a observaciones Convocatoria No. 50,comunicado,,,,https://minciencias.gov.co/sites/default/files/upload/convocatoria/pqrsd_convocatoria_50_-_matriz_de_control_-_observaciones_-_respuestas_tdr.xlsx
50,Apertura,Comunicado de prensa Convocatoria No .50,comunicado,,,https://minciencias.gov.co/sites/default/files/upload/convocatoria/comunicado_de_prensa_convocatoria_no_50.pdf,
50,Modificaciones,MODIFICACION 1 CONVOCATORIA No. 50,modificacion,,,https://minciencias.gov.co/sites/default/files/modificacion_1_convocatoria_50_publicar.pdf,
50,Publicación de resultados preliminares,LISTADO PRELIMINAR PROYECTOS HABILITADOS,resultado,,,https://minciencias.gov.co/sites/default/files/convocatoria/listado_preliminar_proyectos_habilitados_0.pdf,
50,Publicación de resultados preliminares,LISTADO FINAL DE PROYECTOS HABILITADOS,resultado,,,https://minciencias.gov.co/sites/default/files/convocatoria/listado_final_de_proyectos_habilitados.pdf,
50,Publicación de resultados preliminares,LISTADO PRELIMINAR DE PROYECTOS ELEGIBLES CONVOCATORIA 50 de 2025,resultado,,,https://minciencias.gov.co/sites/default/files/convocatoria/listado_preliminar_de_proyectos_elegibles_convocatoria_50_de_2025.pdf,
50,Publicación de resultados definitivos,LISTADO DEFINITIVO DE PROYECTOS ELEGIBLES,resultado,,,https://minciencias.gov.co/sites/default/files/listado_definitivo_de_proyectos_elegibles_-.pdf,
50,Publicación de resultados definitivos,ALCANCE LISTADO DEFINITIVO PROYECTOS ELEGIBLES,resultado,,,https://minciencias.gov.co/sites/default/files/alcance_listado_definitivo_proyectos_elegibles.pdf,
46,Apertura,TdR Convocatoria 46 del SGR - COLOMBIA INTELIGENTE,otro,,,https://minciencias.gov.co/sites/default/files/upload/convocatoria/02-10-2025_tdr_conv_ia_rev_1.pdf,
46,Apertura,"Anexo 1. Carta unificada de aval, compromiso institucional y modelo de gobernanza.",anexo,1,aval_institucional,,https://minciencias.gov.co/sites/default/files/upload/convocatoria/anexo_1._carta_unificada_de_aval_compromiso_institucional_y_modelo_de_gobernanza_final_2.docx
46,Apertura,Anexo 2. Documento técnico.,anexo,2,tecnico,,https://minciencias.gov.co/sites/default/files/upload/convocatoria/anexo_2._documento_tecnico_final_1.docx
46,Apertura,Anexo 3. Presupuesto.,anexo,3,finanzas,,https://minciencias.gov.co/sites/default/files/upload/convocatoria/anexo_3._presupuesto_final_2.xlsx
46,Apertura,Anexo 4. Demandas Territoriales.,anexo,4,poblacion_especifica,,https://minciencias.gov.co/sites/default/files/upload/convocatoria/anexo_4._demandas_territoriales_2025_2026_final_1.xlsx
46,Apertura,"Anexo 5. Formato de ""Proyectos de CTeI gestionados y ejecutados por el proponente e integrantes de la alianza""",anexo,5,otro,,https://minciencias.gov.co/sites/default/files/upload/convocatoria/anexo_5._formato_de_proyectos_de_ctei_gestionados_o_ejecutados_del_proponente_e_integrantes_de_la_alianza_final_1.docx
46,Apertura,Anexo 6. Definiciones,anexo,6,otro,https://minciencias.gov.co/sites/default/files/upload/convocatoria/anexo_6._definiciones_final.pdf,
46,Apertura,Anexo 7. Marco normativo de la Asignación CTeI del SGR.,anexo,7,otro,https://minciencias.gov.co/sites/default/files/upload/convocatoria/anexo_7._marco_normativo_del_sgr_final_1.pdf,
46,Apertura,Anexo 8. Lineamientos para integrar el enfoque de apropiación social del conocimiento,anexo,8,apropiacion_social,https://minciencias.gov.co/sites/default/files/upload/convocatoria/anexo_8._lineamientos_para_integrar_el_enfoque_de_apropiacion_social_del_conocimiento_final_1.pdf,
46,Apertura,Anexo 9. Procedimiento para llevar a cabo la actividad “Solicitud creación de Rol Formulador CTeI”.,anexo,9,procedimental,https://minciencias.gov.co/sites/default/files/upload/convocatoria/anexo_9._procedimiento_rol_formulador_final_1.pdf,
46,Apertura,Anexo 10.  Instructivo para generar MGA-WEB en borrador.,anexo,10,procedimental,https://minciencias.gov.co/sites/default/files/upload/convocatoria/anexo_10._documento_borrador_mga-web_rev_1.pdf,
46,Apertura,"Anexo 11. Formato de ""Interrelaciones de la Entidad Proponente""",anexo,11,otro,,https://minciencias.gov.co/sites/default/files/upload/convocatoria/anexo_11._formato_de_interrelaciones_de_la_entidad_proponente_final.docx
46,Apertura,Respuesta a observaciones Convocatoria No. 46,comunicado,,,,https://minciencias.gov.co/sites/default/files/upload/convocatoria/pqrsd_convocatoria_46_-_matriz_de_control_-_obserbaciones_-_respuestas_tdr.xlsx
46,Modificaciones,MODIFICACION 1 CONVOCATORIANo. 46,modificacion,,,https://minciencias.gov.co/sites/default/files/modificacion_1_convocatoria_46_publicar.pdf,
46,Publicación de resultados preliminares,LISTADO DE PROYECTOS HABILITADOS,resultado,,,https://minciencias.gov.co/sites/default/files/convocatoria/listado_de_proyectos_habilitados.pdf,
46,Publicación de resultados preliminares,LISTADO FINAL DE PROYECTOS HABILITADOS,resultado,,,https://minciencias.gov.co/sites/default/files/convocatoria/listado_final_de_proyectos_habilitados_1.pdf,
46,Publicación de resultados preliminares,RESPUESTA A OBSERVACIONES,comunicado,,,https://minciencias.gov.co/sites/default/files/convocatoria/respuesta_a_observaciones.pdf,
46,Publicación de resultados definitivos,LISTADO DEFINITIVO DE PROYECTOS ELEGIBLES,resultado,,,https://minciencias.gov.co/sites/default/files/listado_definitivo_elegibles_-_conv_46.pdf,
