convocatoria_numero,nombre_documento,tipo_documento,numero_anexo,subtipo_anexo,tipo_actividad,formato,url,ruta_local,estado,bytes,error
978.0,Anexo 1. Contenido del Proyecto de I+D+i.,anexo,1.0,otro,Apertura,pdf,https://minciencias.gov.co/sites/default/files/upload/convocatoria/anexo_1_contenidos_del_proyecto_de_idi.pdf,C:\Users\jquin\Documents\ServiSquadReto\desarrollo\data\raw\minciencias\archivos\convocatoria_978\anexo_1_contenidos_del_proyecto_de_idi.pdf,omitido_existe,202698,
978.0,Anexo 2. Carta Aval y Compromiso Institucional.,anexo,2.0,aval_institucional,Apertura,pdf,https://minciencias.gov.co/sites/default/files/upload/convocatoria/anexo_2_carta_aval_y_compromiso_institucional.pdf,C:\Users\jquin\Documents\ServiSquadReto\desarrollo\data\raw\minciencias\archivos\convocatoria_978\anexo_2_carta_aval_y_compromiso_institucional.pdf,omitido_existe,143270,
978.0,Anexo 2. Carta Aval y Compromiso Institucional.,anexo,2.0,aval_institucional,Apertura,editable,https://minciencias.gov.co/sites/default/files/upload/convocatoria/anexo_2_carta_aval_y_compromiso_institucional_editable.docx,C:\Users\jquin\Documents\ServiSquadReto\desarrollo\data\raw\minciencias\archivos\convocatoria_978\anexo_2_carta_aval_y_compromiso_institucional_editable.docx,omitido_existe,434522,
978.0,Anexo 3. Descripción de los productos esperados.,anexo,3.0,otro,Apertura,pdf,https://minciencias.gov.co/sites/default/files/upload/convocatoria/anexo_3_descripcion_de_los_productos_esperados_0.pdf,C:\Users\jquin\Documents\ServiSquadReto\desarrollo\data\raw\minciencias\archivos\convocatoria_978\anexo_3_descripcion_de_los_productos_esperados_0.pdf,omitido_existe,238060,
978.0,Anexo 4. Niveles de Madurez Tecnológica.,anexo,4.0,tecnico,Apertura,pdf,https://minciencias.gov.co/sites/default/files/upload/convocatoria/anexo_4_niveles_de_madurez_tecnologica.pdf,C:\Users\jquin\Documents\ServiSquadReto\desarrollo\data\raw\minciencias\archivos\convocatoria_978\anexo_4_niveles_de_madurez_tecnologica.pdf,omitido_existe,210546,
978.0,Anexo 5. Experiencia e Idoneidad de la Alianza.,anexo,5.0,otro,Apertura,pdf,https://minciencias.gov.co/sites/default/files/upload/convocatoria/anexo_5_experiencia_e_idoneidad_de_la_alianza.pdf,C:\Users\jquin\Documents\ServiSquadReto\desarrollo\data\raw\minciencias\archivos\convocatoria_978\anexo_5_experiencia_e_idoneidad_de_la_alianza.pdf,omitido_existe,89783,
978.0,Anexo 5. Experiencia e Idoneidad de la Alianza.,anexo,5.0,otro,Apertura,editable,https://minciencias.gov.co/sites/default/files/upload/convocatoria/anexo_5_experiencia_e_idoneidad_de_la_alianza_editable.docx,C:\Users\jquin\Documents\ServiSquadReto\desarrollo\data\raw\minciencias\archivos\convocatoria_978\anexo_5_experiencia_e_idoneidad_de_la_alianza_editable.docx,omitido_existe,4259166,
978.0,Anexo 6. Modelo de Aval de la Organización Social o Asociación u organización étnica.,anexo,6.0,aval_institucional,Apertura,pdf,https://minciencias.gov.co/sites/default/files/upload/convocatoria/anexo_6_modelo_de_aval_de_la_organizacion_social_o_asociacion_u_organizacion_etnica.pdf,C:\Users\jquin\Documents\ServiSquadReto\desarrollo\data\raw\minciencias\archivos\convocatoria_978\anexo_6_modelo_de_aval_de_la_organizacion_social_o_asociacion_u_organizacion_etnica.pdf,omitido_existe,84195,
978.0,Anexo 6. Modelo de Aval de la Organización Social o Asociación u organización étnica.,anexo,6.0,aval_institucional,Apertura,editable,https://minciencias.gov.co/sites/default/files/upload/convocatoria/anexo_6_modelo_de_aval_de_la_organizacion_social_o_asociacion_u_organizacion_etnica_editable.docx,C:\Users\jquin\Documents\ServiSquadReto\desarrollo\data\raw\minciencias\archivos\convocatoria_978\anexo_6_modelo_de_aval_de_la_organizacion_social_o_asociacion_u_organizacion_etnica_editable.docx,omitido_existe,237755,
978.0,Anexo 7. Plan de Actividades Jóvenes Investigadores e Innovadores.,anexo,7.0,talento_hv,Apertura,pdf,https://minciencias.gov.co/sites/default/files/upload/convocatoria/anexo_7_plan_de_actividades_jovenes_investigadores.pdf,C:\Users\jquin\Documents\ServiSquadReto\desarrollo\data\raw\minciencias\archivos\convocatoria_978\anexo_7_plan_de_actividades_jovenes_investigadores.pdf,omitido_existe,86673,
978.0,Anexo 7. Plan de Actividades Jóvenes Investigadores e Innovadores.,anexo,7.0,talento_hv,Apertura,editable,https://minciencias.gov.co/sites/default/files/upload/convocatoria/anexo_7_plan_de_actividades_jovenes_investigadores_editable.docx,C:\Users\jquin\Documents\ServiSquadReto\desarrollo\data\raw\minciencias\archivos\convocatoria_978\anexo_7_plan_de_actividades_jovenes_investigadores_editable.docx,omitido_existe,4262586,
978.0,Anexo 8. Orientaciones Experiencia Mínima.,anexo,8.0,otro,Apertura,pdf,https://minciencias.gov.co/sites/default/files/upload/convocatoria/anexo_8_orientaciones_experiencia_minima.pdf,C:\Users\jquin\Documents\ServiSquadReto\desarrollo\data\raw\minciencias\archivos\convocatoria_978\anexo_8_orientaciones_experiencia_minima.pdf,omitido_existe,114376,
978.0,Resolución 0670 -2026,resolucion,,,Apertura,pdf,https://minciencias.gov.co/sites/default/files/upload/convocatoria/resolucion_0670-2026.pdf,C:\Users\jquin\Documents\ServiSquadReto\desarrollo\data\raw\minciencias\archivos\convocatoria_978\resolucion_0670-2026.pdf,ok,2360628,
978.0,Términos de Referencia Convocatoria Fortalecimiento De Capacidades Nacionales Para La Soberanía Sanitaria De Colombia,terminos_referencia,,,Apertura,pdf,https://minciencias.gov.co/sites/default/files/upload/convocatoria/tdr_fortalecimiento_de_capacidades_nacionales_para_la_soberania_sanitaria_de_colombia.pdf,C:\Users\jquin\Documents\ServiSquadReto\desarrollo\data\raw\minciencias\archivos\convocatoria_978\tdr_fortalecimiento_de_capacidades_nacionales_para_la_soberania_sanitaria_de_colombia.pdf,ok,2136876,
48.0,"Anexo 1 Carta unificada de aval, compromiso institucional y modelo de gobernanza.",anexo,1.0,aval_institucional,Apertura,editable,https://minciencias.gov.co/sites/default/files/upload/convocatoria/anexo_1_carta_unificada_de_aval_compromiso_institucional_y_modelo_de_gobernanza_-_48.docx,C:\Users\jquin\Documents\ServiSquadReto\desarrollo\data\raw\minciencias\archivos\convocatoria_48\anexo_1_carta_unificada_de_aval_compromiso_institucional_y_modelo_de_gobernanza_-_48.docx,omitido_existe,118283,
48.0,Anexo 2. Documento técnico.,anexo,2.0,tecnico,Apertura,editable,https://minciencias.gov.co/sites/default/files/upload/convocatoria/anexo_2._documento_tecnico_-_48.docx,C:\Users\jquin\Documents\ServiSquadReto\desarrollo\data\raw\minciencias\archivos\convocatoria_48\anexo_2._documento_tecnico_-_48.docx,omitido_existe,831478,
48.0,Anexo 3. Presupuesto.,anexo,3.0,finanzas,Apertura,editable,https://minciencias.gov.co/sites/default/files/upload/convocatoria/anexo_3._presupuesto_-_48.xlsx,C:\Users\jquin\Documents\ServiSquadReto\desarrollo\data\raw\minciencias\archivos\convocatoria_48\anexo_3._presupuesto_-_48.xlsx,omitido_existe,1100954,
48.0,Anexo 4. Demandas Territoriales bienio 2025 - 2026.,anexo,4.0,poblacion_especifica,Apertura,pdf,https://minciencias.gov.co/sites/default/files/upload/convocatoria/anexo_4._demandas_territoriales_bieno_2025_-_2026_-_48.pdf,C:\Users\jquin\Documents\ServiSquadReto\desarrollo\data\raw\minciencias\archivos\convocatoria_48\anexo_4._demandas_territoriales_bieno_2025_-_2026_-_48.pdf,omitido_existe,408783,
48.0,"Anexo 5. Formato proyectos de ciencia, tecnología e innovación ejecutados o en ejecución.",anexo,5.0,otro,Apertura,editable,https://minciencias.gov.co/sites/default/files/upload/convocatoria/anexo_5._formato_proyectos_de_ciencia_tecnologia_e_innovacion_ejecutados_o_en_ejecucion.docx,C:\Users\jquin\Documents\ServiSquadReto\desarrollo\data\raw\minciencias\archivos\convocatoria_48\anexo_5._formato_proyectos_de_ciencia_tecnologia_e_innovacion_ejecutados_o_en_ejecucion.docx,omitido_existe,3856896,
48.0,Anexo 6. Definiciones.,anexo,6.0,otro,Apertura,editable,https://minciencias.gov.co/sites/default/files/upload/convocatoria/anexo_6._definiciones.docx,C:\Users\jquin\Documents\ServiSquadReto\desarrollo\data\raw\minciencias\archivos\convocatoria_48\anexo_6._definiciones.docx,omitido_existe,535335,
48.0,Anexo 7. Marco normativo de la Asignación para CTeI del SGR.,anexo,7.0,otro,Apertura,pdf,https://minciencias.gov.co/sites/default/files/upload/convocatoria/anexo_7._marco_normativo_de_la_asignacion_para_ctei_del_sgr_-_48.pdf,C:\Users\jquin\Documents\ServiSquadReto\desarrollo\data\raw\minciencias\archivos\convocatoria_48\anexo_7._marco_normativo_de_la_asignacion_para_ctei_del_sgr_-_48.pdf,omitido_existe,206684,
48.0,Anexo 8. Distribución geográfica SGR.,anexo,8.0,otro,Apertura,pdf,https://minciencias.gov.co/sites/default/files/upload/convocatoria/anexo_8._distribucion_geografica_sgr_1.pdf,C:\Users\jquin\Documents\ServiSquadReto\desarrollo\data\raw\minciencias\archivos\convocatoria_48\anexo_8._distribucion_geografica_sgr_1.pdf,omitido_existe,232648,
48.0,Anexo 9. Procedimiento solicitud creación de Rol Formulador CTeI.,anexo,9.0,procedimental,Apertura,editable,https://minciencias.gov.co/sites/default/files/upload/convocatoria/anexo_9._procedimiento_solicitud_creacion_de_rol_formulador_ctei-_48.docx,C:\Users\jquin\Documents\ServiSquadReto\desarrollo\data\raw\minciencias\archivos\convocatoria_48\anexo_9._procedimiento_solicitud_creacion_de_rol_formulador_ctei-_48.docx,omitido_existe,97588,
48.0,"Anexo 10. Documentos para verificar formalidad de las organizaciones comunitarias, étnicas y campesinas.",anexo,10.0,otro,Apertura,pdf,https://minciencias.gov.co/sites/default/files/upload/convocatoria/anexo_10._documentos_para_verificar_formalidad_de_las_organizaciones_comunitarias_etnicas_y_campesinas_-_48.pdf,C:\Users\jquin\Documents\ServiSquadReto\desarrollo\data\raw\minciencias\archivos\convocatoria_48\anexo_10._documentos_para_verificar_formalidad_de_las_organizaciones_comunitarias_etnicas_y_campesinas_-_48.pdf,omitido_existe,97240,
48.0,Anexo 11. Lineamientos enfoque Apropiación Social del Conocimiento.,anexo,11.0,apropiacion_social,Apertura,pdf,https://minciencias.gov.co/sites/default/files/upload/convocatoria/anexo_11._lineamientos_enfoque_de_apropiacion_social_del_conocimiento_-_48.pdf,C:\Users\jquin\Documents\ServiSquadReto\desarrollo\data\raw\minciencias\archivos\convocatoria_48\anexo_11._lineamientos_enfoque_de_apropiacion_social_del_conocimiento_-_48.pdf,omitido_existe,266196,
48.0,Anexo 12. Enfoque diferencial e interseccional.,anexo,12.0,poblacion_especifica,Apertura,pdf,https://minciencias.gov.co/sites/default/files/upload/convocatoria/anexo_12._enfoque_diferencial_e_interseccional_-_48.pdf,C:\Users\jquin\Documents\ServiSquadReto\desarrollo\data\raw\minciencias\archivos\convocatoria_48\anexo_12._enfoque_diferencial_e_interseccional_-_48.pdf,omitido_existe,233150,
48.0,Anexo 13. Niveles de madurez tecnológica.,anexo,13.0,tecnico,Apertura,editable,https://minciencias.gov.co/sites/default/files/upload/convocatoria/anexo_13._niveles_de_madurez_tecnologica_-_48.docx,C:\Users\jquin\Documents\ServiSquadReto\desarrollo\data\raw\minciencias\archivos\convocatoria_48\anexo_13._niveles_de_madurez_tecnologica_-_48.docx,omitido_existe,389160,
48.0,Anexo 14. Municipios PDET y/o ZOMAC.,anexo,14.0,otro,Apertura,pdf,https://minciencias.gov.co/sites/default/files/upload/convocatoria/anexo_14._municipios_pdet_-_zomac_-_48.pdf,C:\Users\jquin\Documents\ServiSquadReto\desarrollo\data\raw\minciencias\archivos\convocatoria_48\anexo_14._municipios_pdet_-_zomac_-_48.pdf,omitido_existe,1277821,
48.0,Anexo 16. Certificado tamaño empresa mediana.,anexo,16.0,otro,Apertura,editable,https://minciencias.gov.co/sites/default/files/upload/convocatoria/anexo_16_certificado_tamano_empresa_mediana_-_48.docx,C:\Users\jquin\Documents\ServiSquadReto\desarrollo\data\raw\minciencias\archivos\convocatoria_48\anexo_16_certificado_tamano_empresa_mediana_-_48.docx,omitido_existe,495149,
48.0,Anexo 17. Instructivo para generar MGA-WEB en borrador.,anexo,17.0,procedimental,Apertura,pdf,https://minciencias.gov.co/sites/default/files/upload/convocatoria/anexo_17._instructivo_para_generar_mga-web_en_borrador.pdf,C:\Users\jquin\Documents\ServiSquadReto\desarrollo\data\raw\minciencias\archivos\convocatoria_48\anexo_17._instructivo_para_generar_mga-web_en_borrador.pdf,omitido_existe,367975,
48.0,"TdR Convocatoria 48 del SGR – Aprovechamiento Sostenible de la Biodiversidad, la productividad y el Fortalecimiento Territorial",otro,,,Apertura,pdf,https://minciencias.gov.co/sites/default/files/upload/convocatoria/terminos_de_referencia_convocatoria_48.pdf,C:\Users\jquin\Documents\ServiSquadReto\desarrollo\data\raw\minciencias\archivos\convocatoria_48\terminos_de_referencia_convocatoria_48.pdf,ok,862413,
48.0,Anexo 15. Listado de Corporaciones Autónomas Regionales.,resultado,,,Apertura,pdf,https://minciencias.gov.co/sites/default/files/upload/convocatoria/anexo_15._listado_de_corporaciones_autonomas_regionales_-_48.pdf,C:\Users\jquin\Documents\ServiSquadReto\desarrollo\data\raw\minciencias\archivos\convocatoria_48\anexo_15._listado_de_corporaciones_autonomas_regionales_-_48.pdf,ok,222987,
48.0,Respuesta a observaciones convocatoria No. 48,comunicado,,,Apertura,editable,https://minciencias.gov.co/sites/default/files/upload/convocatoria/f_respuesta_a_observaciones_convocatoria_no._48_1.xlsx,C:\Users\jquin\Documents\ServiSquadReto\desarrollo\data\raw\minciencias\archivos\convocatoria_48\f_respuesta_a_observaciones_convocatoria_no._48_1.xlsx,ok,197613,
977.0,Anexo 3. Modelo de Clasificación y Reconocimiento de Revistas Científicas Nacionales - Publindex 2026,anexo,3.0,otro,Apertura,pdf,https://minciencias.gov.co/sites/default/files/upload/convocatoria/modelo_de_clasificacion_y_reconocimiento_de_revistas_cientificas_nacionales_-_publindex_2026_0.pdf,C:\Users\jquin\Documents\ServiSquadReto\desarrollo\data\raw\minciencias\archivos\convocatoria_977\modelo_de_clasificacion_y_reconocimiento_de_revistas_cientificas_nacionales_-_publindex_2026_0.pdf,omitido_existe,1456223,
977.0,Anexo 4. Documento de actualización de los Sistemas de Indexación y Resumen (SIR),anexo,4.0,otro,Apertura,pdf,https://minciencias.gov.co/sites/default/files/upload/convocatoria/documento_de_actualizacion_de_los_sistemas_de_indexacion_y_resumen_-sir_1.pdf,C:\Users\jquin\Documents\ServiSquadReto\desarrollo\data\raw\minciencias\archivos\convocatoria_977\documento_de_actualizacion_de_los_sistemas_de_indexacion_y_resumen_-sir_1.pdf,omitido_existe,952562,
977.0,Anexo 1. Resolución de apertura Publindex 2026,resolucion,,,Apertura,pdf,https://minciencias.gov.co/sites/default/files/upload/convocatoria/resolucion_0336-2026_0.pdf,C:\Users\jquin\Documents\ServiSquadReto\desarrollo\data\raw\minciencias\archivos\convocatoria_977\resolucion_0336-2026_0.pdf,ok,1777851,
977.0,Anexo 2. Términos de referencia de la convocatoria,terminos_referencia,,,Apertura,pdf,https://minciencias.gov.co/sites/default/files/upload/convocatoria/terminos_de_referencia_de_la_convocatoria_publindex_2026_firmados_0.pdf,C:\Users\jquin\Documents\ServiSquadReto\desarrollo\data\raw\minciencias\archivos\convocatoria_977\terminos_de_referencia_de_la_convocatoria_publindex_2026_firmados_0.pdf,ok,651840,
977.0,Preguntas frecuentes convocatoria 977 de 2026,otro,,,Apertura,pdf,https://minciencias.gov.co/sites/default/files/upload/convocatoria/preguntas_frecuentes_convocatoria_977_de_2026_publindex.pdf,C:\Users\jquin\Documents\ServiSquadReto\desarrollo\data\raw\minciencias\archivos\convocatoria_977\preguntas_frecuentes_convocatoria_977_de_2026_publindex.pdf,ok,3133386,
977.0,Preguntas frecuentes convocatoria 977 de 2026 tomo II,otro,,,Apertura,pdf,https://minciencias.gov.co/sites/default/files/upload/convocatoria/preguntas_frecuentes_convocatoria_977_de_2026_segundo_tomo.pdf,C:\Users\jquin\Documents\ServiSquadReto\desarrollo\data\raw\minciencias\archivos\convocatoria_977\preguntas_frecuentes_convocatoria_977_de_2026_segundo_tomo.pdf,ok,209963,
977.0,"Paso a paso para que la revista sea considerada en la Convocatoria No. 977, Publindex 2026",otro,,,Apertura,pdf,https://minciencias.gov.co/sites/default/files/upload/convocatoria/paso_a_paso_proceso_de_inscricpcion_publindex_2026.pdf,C:\Users\jquin\Documents\ServiSquadReto\desarrollo\data\raw\minciencias\archivos\convocatoria_977\paso_a_paso_proceso_de_inscricpcion_publindex_2026.pdf,ok,226948,
977.0,Paso a paso para restablecer la contraseña en el aplicativo Publindex,otro,,,Apertura,pdf,https://minciencias.gov.co/sites/default/files/upload/convocatoria/paso_a_paso_para_recuperar_la_contrasena_publindex_2026.pdf,C:\Users\jquin\Documents\ServiSquadReto\desarrollo\data\raw\minciencias\archivos\convocatoria_977\paso_a_paso_para_recuperar_la_contrasena_publindex_2026.pdf,ok,176473,
977.0,Paso a paso aval y revisión de criterios fase 1,otro,,,Apertura,pdf,https://minciencias.gov.co/sites/default/files/upload/convocatoria/paso_a_paso_aval_y_revision_de_criterios_fase_1.pdf,C:\Users\jquin\Documents\ServiSquadReto\desarrollo\data\raw\minciencias\archivos\convocatoria_977\paso_a_paso_aval_y_revision_de_criterios_fase_1.pdf,ok,334523,
976.0,Anexo 1: Carta unificada de aval y compromiso institucional,anexo,1.0,aval_institucional,Apertura,pdf,https://minciencias.gov.co/sites/default/files/upload/convocatoria/anexo_1._carta_unificada_de_aval_y_compromiso_institucional_3.pdf,C:\Users\jquin\Documents\ServiSquadReto\desarrollo\data\raw\minciencias\archivos\convocatoria_976\anexo_1._carta_unificada_de_aval_y_compromiso_institucional_3.pdf,omitido_existe,160351,
976.0,Anexo 1: Carta unificada de aval y compromiso institucional,anexo,1.0,aval_institucional,Apertura,editable,https://minciencias.gov.co/sites/default/files/upload/convocatoria/anexo_1._carta_unificada_de_aval_y_compromiso_institucional_editable.doc,C:\Users\jquin\Documents\ServiSquadReto\desarrollo\data\raw\minciencias\archivos\convocatoria_976\anexo_1._carta_unificada_de_aval_y_compromiso_institucional_editable.doc,omitido_existe,549888,
976.0,Anexo 2: Carta de experiencia de la empresa nacional.,anexo,2.0,alianzas,Apertura,pdf,https://minciencias.gov.co/sites/default/files/upload/convocatoria/anexo_2._carta_de_experiencia_de_la_empresa_nacional_1.pdf,C:\Users\jquin\Documents\ServiSquadReto\desarrollo\data\raw\minciencias\archivos\convocatoria_976\anexo_2._carta_de_experiencia_de_la_empresa_nacional_1.pdf,omitido_existe,79495,
976.0,Anexo 2: Carta de experiencia de la empresa nacional.,anexo,2.0,alianzas,Apertura,editable,https://minciencias.gov.co/sites/default/files/upload/convocatoria/anexo_2._carta_de_experiencia_de_la_empresa_nacional_editable.docx,C:\Users\jquin\Documents\ServiSquadReto\desarrollo\data\raw\minciencias\archivos\convocatoria_976\anexo_2._carta_de_experiencia_de_la_empresa_nacional_editable.docx,omitido_existe,744948,
976.0,Anexo 3: Hoja de vida investigador principal.,anexo,3.0,talento_hv,Apertura,pdf,https://minciencias.gov.co/sites/default/files/upload/convocatoria/anexo_3._hoja_de_vida_investigador_principal_0.pdf,C:\Users\jquin\Documents\ServiSquadReto\desarrollo\data\raw\minciencias\archivos\convocatoria_976\anexo_3._hoja_de_vida_investigador_principal_0.pdf,omitido_existe,82812,
976.0,Anexo 3: Hoja de vida investigador principal.,anexo,3.0,talento_hv,Apertura,editable,https://minciencias.gov.co/sites/default/files/upload/convocatoria/anexo_3._hoja_de_vida_investigador_principal_editable.docx,C:\Users\jquin\Documents\ServiSquadReto\desarrollo\data\raw\minciencias\archivos\convocatoria_976\anexo_3._hoja_de_vida_investigador_principal_editable.docx,omitido_existe,7515681,
976.0,Anexo 4. Vinculación de jóvenes investigadores e innovadores.,anexo,4.0,talento_hv,Apertura,pdf,https://minciencias.gov.co/sites/default/files/upload/convocatoria/anexo_4._vinculacion_de_jovenes_investigadores_e_innovadores__0.pdf,C:\Users\jquin\Documents\ServiSquadReto\desarrollo\data\raw\minciencias\archivos\convocatoria_976\anexo_4._vinculacion_de_jovenes_investigadores_e_innovadores__0.pdf,omitido_existe,108923,
976.0,Anexo 4. Vinculación de jóvenes investigadores e innovadores.,anexo,4.0,talento_hv,Apertura,editable,https://minciencias.gov.co/sites/default/files/upload/convocatoria/anexo_4._vinculacion_de_jovenes_investigadores_e_innovadores_editable.docx,C:\Users\jquin\Documents\ServiSquadReto\desarrollo\data\raw\minciencias\archivos\convocatoria_976\anexo_4._vinculacion_de_jovenes_investigadores_e_innovadores_editable.docx,omitido_existe,2799765,
976.0,Anexo 5. Vinculación semilleros de investigación.,anexo,5.0,talento_hv,Apertura,pdf,https://minciencias.gov.co/sites/default/files/upload/convocatoria/anexo_5._vinculacion_semilleros_de_investigacion_1.pdf,C:\Users\jquin\Documents\ServiSquadReto\desarrollo\data\raw\minciencias\archivos\convocatoria_976\anexo_5._vinculacion_semilleros_de_investigacion_1.pdf,omitido_existe,118462,
976.0,Anexo 5. Vinculación semilleros de investigación.,anexo,5.0,talento_hv,Apertura,editable,https://minciencias.gov.co/sites/default/files/upload/convocatoria/anexo_5._vinculacion_semilleros_de_investigacion_editable.docx,C:\Users\jquin\Documents\ServiSquadReto\desarrollo\data\raw\minciencias\archivos\convocatoria_976\anexo_5._vinculacion_semilleros_de_investigacion_editable.docx,omitido_existe,4047610,
976.0,Anexo 6: Contenido técnico de la propuesta del proyecto.,anexo,6.0,tecnico,Apertura,pdf,https://minciencias.gov.co/sites/default/files/upload/convocatoria/anexo_6._contenido_tecnico_de_la_propuesta_del_proyecto_1.pdf,C:\Users\jquin\Documents\ServiSquadReto\desarrollo\data\raw\minciencias\archivos\convocatoria_976\anexo_6._contenido_tecnico_de_la_propuesta_del_proyecto_1.pdf,omitido_existe,277093,
976.0,Anexo 7: Rubros financiables.,anexo,7.0,finanzas,Apertura,pdf,https://minciencias.gov.co/sites/default/files/upload/convocatoria/anexo_7._rubros_financiables_1.pdf,C:\Users\jquin\Documents\ServiSquadReto\desarrollo\data\raw\minciencias\archivos\convocatoria_976\anexo_7._rubros_financiables_1.pdf,omitido_existe,206782,
976.0,Anexo 8. Apropiación social y divulgación de la ciencia.,anexo,8.0,apropiacion_social,Apertura,pdf,https://minciencias.gov.co/sites/default/files/upload/convocatoria/anexo_8._apropiacion_social_y_divulgacion_de_la_ciencia_0.pdf,C:\Users\jquin\Documents\ServiSquadReto\desarrollo\data\raw\minciencias\archivos\convocatoria_976\anexo_8._apropiacion_social_y_divulgacion_de_la_ciencia_0.pdf,omitido_existe,270530,
976.0,Resolución 0275 de 2026,resolucion,,,Apertura,pdf,https://minciencias.gov.co/sites/default/files/upload/convocatoria/resolucion_0275-2026.pdf,C:\Users\jquin\Documents\ServiSquadReto\desarrollo\data\raw\minciencias\archivos\convocatoria_976\resolucion_0275-2026.pdf,ok,2154271,
976.0,Términos de Referencia Convocatoria COLOMBIA INTELIGENTE  2026,terminos_referencia,,,Apertura,pdf,https://minciencias.gov.co/sites/default/files/upload/convocatoria/terminos_de_referencia_v6_-_colombia_inteligente_2026_4_1.pdf,C:\Users\jquin\Documents\ServiSquadReto\desarrollo\data\raw\minciencias\archivos\convocatoria_976\terminos_de_referencia_v6_-_colombia_inteligente_2026_4_1.pdf,ok,1016630,
976.0,Nota aclaratoria No. 1  CONVOCATORIA 976 “COLOMBIA INTELIGENTE 2026”,modificacion,,,Modificaciones,pdf,https://minciencias.gov.co/sites/default/files/nota_aclaratoria_no._1_convocatoria_976_colombia_inteligente_2026.pdf,C:\Users\jquin\Documents\ServiSquadReto\desarrollo\data\raw\minciencias\archivos\convocatoria_976\nota_aclaratoria_no._1_convocatoria_976_colombia_inteligente_2026.pdf,ok,80132,
976.0,Adenda No. 1 de la convocatoria 976-2026,modificacion,,,Modificaciones,pdf,https://minciencias.gov.co/sites/default/files/1adenda_1_convocatoria_976_de_2026.pdf,C:\Users\jquin\Documents\ServiSquadReto\desarrollo\data\raw\minciencias\archivos\convocatoria_976\1adenda_1_convocatoria_976_de_2026.pdf,ok,428949,
975.0,"Anexo 1: Carta de compromiso, conocimiento, autorización del tratamiento de datos personales y aceptación del candidato.",anexo,1.0,otro,Apertura,pdf,https://minciencias.gov.co/sites/default/files/upload/convocatoria/anexo_1_carta_de_compromiso_y_aceptacion_del_candidato.pdf,C:\Users\jquin\Documents\ServiSquadReto\desarrollo\data\raw\minciencias\archivos\convocatoria_975\anexo_1_carta_de_compromiso_y_aceptacion_del_candidato.pdf,omitido_existe,181694,
975.0,"Anexo 1: Carta de compromiso, conocimiento, autorización del tratamiento de datos personales y aceptación del candidato - editab",anexo,1.0,otro,Apertura,editable,https://minciencias.gov.co/sites/default/files/upload/convocatoria/anexo_1_carta_de_compromiso_y_aceptacion_del_candidato.docx,C:\Users\jquin\Documents\ServiSquadReto\desarrollo\data\raw\minciencias\archivos\convocatoria_975\anexo_1_carta_de_compromiso_y_aceptacion_del_candidato.docx,omitido_existe,2388375,
975.0,Anexo 2: Documento Técnico de la Propuesta,anexo,2.0,tecnico,Apertura,pdf,https://minciencias.gov.co/sites/default/files/upload/convocatoria/anexo_2_documento_tecnico_de_la_propuesta.pdf,C:\Users\jquin\Documents\ServiSquadReto\desarrollo\data\raw\minciencias\archivos\convocatoria_975\anexo_2_documento_tecnico_de_la_propuesta.pdf,omitido_existe,207590,
975.0,Anexo 2: Documento Técnico de la Propuesta - editable,anexo,2.0,tecnico,Apertura,editable,https://minciencias.gov.co/sites/default/files/upload/convocatoria/anexo_2_documento_tecnico_de_la_propuesta.docx,C:\Users\jquin\Documents\ServiSquadReto\desarrollo\data\raw\minciencias\archivos\convocatoria_975\anexo_2_documento_tecnico_de_la_propuesta.docx,omitido_existe,2481341,
975.0,Anexo 3: Áreas OCDE,anexo,3.0,otro,Apertura,pdf,https://minciencias.gov.co/sites/default/files/upload/convocatoria/anexo_3_areas_ocde.pdf,C:\Users\jquin\Documents\ServiSquadReto\desarrollo\data\raw\minciencias\archivos\convocatoria_975\anexo_3_areas_ocde.pdf,omitido_existe,219681,
975.0,Resolución 0273 de 2026,resolucion,,,Apertura,pdf,https://minciencias.gov.co/sites/default/files/upload/convocatoria/resolucion_0273-2026.pdf,C:\Users\jquin\Documents\ServiSquadReto\desarrollo\data\raw\minciencias\archivos\convocatoria_975\resolucion_0273-2026.pdf,ok,2119470,
975.0,Términos de Referencia Convocatoria de “Becas para el Cambio”  Formación en Maestrías y Doctorados,terminos_referencia,,,Apertura,pdf,https://minciencias.gov.co/sites/default/files/upload/convocatoria/terminos_referencia_convocatoria_apoyo_formacion_alto_nivel_vr_final_ajustado.pdf,C:\Users\jquin\Documents\ServiSquadReto\desarrollo\data\raw\minciencias\archivos\convocatoria_975\terminos_referencia_convocatoria_apoyo_formacion_alto_nivel_vr_final_ajustado.pdf,ok,897100,
975.0,Adenda No. 1 de la convocatoria 975-2026,modificacion,,,Modificaciones,pdf,https://minciencias.gov.co/sites/default/files/adenda_1_convocatoria_975_de_2026_1_0.pdf,C:\Users\jquin\Documents\ServiSquadReto\desarrollo\data\raw\minciencias\archivos\convocatoria_975\adenda_1_convocatoria_975_de_2026_1_0.pdf,ok,1161357,
975.0,Adenda No. 2 de la convocatoria 975-2026,modificacion,,,Modificaciones,pdf,https://minciencias.gov.co/sites/default/files/adenda_2_convocatoria_975_de_2026_abril_27_1_1.pdf,C:\Users\jquin\Documents\ServiSquadReto\desarrollo\data\raw\minciencias\archivos\convocatoria_975\adenda_2_convocatoria_975_de_2026_abril_27_1_1.pdf,ok,1133668,
975.0,Adenda No. 3 de la convocatoria 975-2026,modificacion,,,Modificaciones,pdf,https://minciencias.gov.co/sites/default/files/adenda_3_convocatoria_975_de_2026.pdf,C:\Users\jquin\Documents\ServiSquadReto\desarrollo\data\raw\minciencias\archivos\convocatoria_975\adenda_3_convocatoria_975_de_2026.pdf,ok,1090490,
975.0,Banco Preliminar de Propuestas Elegibles de la Convocatoria 975 de 2026,otro,,,Publicación de resultados preliminares,pdf,https://minciencias.gov.co/sites/default/files/convocatoria/banco_preliminar_de_propuestas_elegibles_de_la_convocatoria_975_de_2026_0.pdf,C:\Users\jquin\Documents\ServiSquadReto\desarrollo\data\raw\minciencias\archivos\convocatoria_975\banco_preliminar_de_propuestas_elegibles_de_la_convocatoria_975_de_2026_0.pdf,ok,11378278,
